<?xml version="1.0" encoding="UTF-8"?><?xml-stylesheet type='text/xsl' href='_UpgradeReport_Files/UpgradeReport.xslt'?><UpgradeLog>
<Properties><Property Name="Solution" Value="ARDOPC">
</Property><Property Name="Solution File" Value="C:\OneDrive\Dev\Source\TeensyProjects\ARDOP2\ARDOPC.sln">
</Property><Property Name="User Options File" Value="C:\OneDrive\Dev\Source\TeensyProjects\ARDOP2\ARDOPC.suo">
</Property><Property Name="Date" Value="27 April 2018">
</Property><Property Name="Time" Value="14:23">
</Property></Properties><Event ErrorLevel="0" Project="" Source="ARDOPC.sln" Description="File successfully backed up as C:\OneDrive\Dev\Source\TeensyProjects\ARDOP2\Backup\ARDOPC.sln">
</Event><Event ErrorLevel="0" Project="" Source="ARDOPC.suo" Description="File successfully backed up as C:\OneDrive\Dev\Source\TeensyProjects\ARDOP2\Backup\ARDOPC.suo">
</Event><Event ErrorLevel="0" Project="" Source="ARDOPC.sln" Description="Solution converted successfully">
</Event><Event ErrorLevel="3" Project="" Source="ARDOPC.sln" Description="Converted">
</Event></UpgradeLog>